{
  "grid": [
    -0.8,
    -0.7000000000000001,
    -0.6000000000000001,
    -0.5,
    -0.4,
    -0.30000000000000004,
    -0.19999999999999996,
    -0.09999999999999998,
    0.0,
    0.09999999999999998,
    0.19999999999999996,
    0.30000000000000004,
    0.40000000000000013,
    0.5,
    0.6000000000000001,
    0.7,
    0.8
  ],
  "layer": 4,
  "model": "Qwen/Qwen2.5-0.5B-Instruct",
  "concepts": [
    "glubtub",
    "fire",
    "grief",
    "wolf",
    "king",
    "ocean"
  ],
  "per_concept": {
    "glubtub": {
      "drift_curve": [
        0.6722,
        0.5638,
        0.4602,
        0.3508,
        0.26,
        0.1846,
        0.1225,
        0.0723,
        0.0,
        0.0322,
        0.1395,
        0.3683,
        0.4887,
        0.5849,
        0.6984,
        0.7394,
        0.7262
      ],
      "bendiness": 2.642,
      "fold_cos_mean": -0.204,
      "inversion_curve": [
        -0.0129,
        0.0368,
        0.0156,
        -0.0182,
        0.0145,
        -0.2035,
        -0.1897,
        -0.0369,
        -0.0396,
        -0.0755,
        0.1875,
        0.0236,
        0.0122,
        0.013,
        -0.1322,
        -0.0192,
        0.0521
      ]
    },
    "fire": {
      "drift_curve": [
        0.694,
        0.6068,
        0.4942,
        0.3726,
        0.2765,
        0.2016,
        0.1153,
        0.0581,
        0.0,
        0.0588,
        0.1559,
        0.2561,
        0.5052,
        0.6235,
        0.7183,
        0.7035,
        0.63
      ],
      "bendiness": 2.929,
      "fold_cos_mean": -0.088,
      "inversion_curve": [
        0.0759,
        0.0552,
        0.0002,
        0.0987,
        0.0916,
        -0.0968,
        -0.1421,
        -0.1052,
        -0.1204,
        -0.1393,
        -0.1415,
        -0.1631,
        -0.135,
        0.0366,
        0.0883,
        0.0713,
        0.0953
      ]
    },
    "grief": {
      "drift_curve": [
        0.6151,
        0.5774,
        0.557,
        0.5081,
        0.3707,
        0.2087,
        0.0926,
        0.0322,
        0.0,
        0.0452,
        0.1587,
        0.2867,
        0.4623,
        0.5701,
        0.6253,
        0.6306,
        0.6244
      ],
      "bendiness": 2.682,
      "fold_cos_mean": -0.075,
      "inversion_curve": [
        0.0106,
        -0.0423,
        0.0139,
        -0.0097,
        -0.0317,
        0.0473,
        -0.1371,
        -0.043,
        -0.0984,
        -0.0128,
        -0.0843,
        -0.1169,
        0.024,
        -0.0567,
        -0.0663,
        -0.0829,
        -0.0598
      ]
    },
    "wolf": {
      "drift_curve": [
        0.8869,
        0.8327,
        0.757,
        0.6228,
        0.4477,
        0.2861,
        0.1649,
        0.0905,
        0.0,
        0.0344,
        0.1149,
        0.2399,
        0.3241,
        0.5079,
        0.6569,
        0.7135,
        0.7236
      ],
      "bendiness": 2.543,
      "fold_cos_mean": -0.106,
      "inversion_curve": [
        -0.0062,
        0.0424,
        0.0065,
        -0.0103,
        0.0229,
        -0.0163,
        -0.0114,
        -0.0087,
        -0.0251,
        -0.0723,
        -0.0502,
        -0.0395,
        0.0062,
        0.0444,
        0.058,
        0.0132,
        0.045
      ]
    },
    "king": {
      "drift_curve": [
        0.4863,
        0.4623,
        0.4494,
        0.4267,
        0.3655,
        0.256,
        0.1177,
        0.0358,
        0.0,
        0.0292,
        0.1021,
        0.1829,
        0.2497,
        0.3338,
        0.5004,
        0.6549,
        0.7199
      ],
      "bendiness": 2.853,
      "fold_cos_mean": -0.104,
      "inversion_curve": [
        -0.0157,
        0.0006,
        0.0404,
        -0.0011,
        0.0502,
        0.01,
        -0.0567,
        -0.0662,
        -0.1371,
        -0.1219,
        -0.111,
        -0.0481,
        -0.0844,
        -0.1099,
        0.0115,
        0.0467,
        0.0945
      ]
    },
    "ocean": {
      "drift_curve": [
        0.5047,
        0.46,
        0.4128,
        0.3693,
        0.3065,
        0.2045,
        0.108,
        0.0334,
        -0.0,
        0.0479,
        0.107,
        0.213,
        0.3362,
        0.4935,
        0.6605,
        0.7283,
        0.7614
      ],
      "bendiness": 2.574,
      "fold_cos_mean": -0.186,
      "inversion_curve": [
        -0.0909,
        -0.1099,
        -0.0962,
        -0.0855,
        -0.0297,
        -0.096,
        -0.0761,
        -0.1179,
        -0.0828,
        -0.0769,
        -0.0681,
        -0.0494,
        -0.0129,
        -0.0629,
        0.0173,
        -0.0506,
        0.0133
      ]
    }
  },
  "persistence": {
    "betti0_persistent": 96,
    "betti1_persistent": 7,
    "h1_max_persistence": 0.8068,
    "note": "Betti-1 persistent loops in the pooled inversion-trajectory cloud (PCA-10)"
  },
  "fold_cos_mean_all": -0.127,
  "bendiness_mean": 2.704
}